user_id,source,service,date
030jmk,github_search_topic.csv,github.com,2023-10-25
030jmk,github_search_users.csv,github.com,2023-10-25
0x326,github_org_commit.csv,GitHub.com,2023-10-25
87surendra,github_search_users.csv,github.com,2023-10-25
a-klaus,github_search_topic.csv,github.com,2023-10-25
a-klaus,github_search_users.csv,github.com,2023-10-25
a-moi,github_search_users.csv,github.com,2023-10-25
abdelwahab86,github_search_users.csv,github.com,2023-10-25
abrarhasinkml,github_search_topic.csv,github.com,2023-10-25
abrarhasinkml,github_search_users.csv,github.com,2023-10-25
adrian-abendroth,github_search_topic.csv,github.com,2023-10-25
adrian-abendroth,github_search_users.csv,github.com,2023-10-25
adrian-ziupka,github_search_repo.csv,github.com,2023-10-25
adrian-ziupka,github_search_users.csv,github.com,2023-10-25
aeye-lab,github_search_topic.csv,github.com,2023-10-25
aeye-lab,github_search_users.csv,github.com,2023-10-25
aionbe,github_search_topic.csv,github.com,2023-10-25
aionbe,github_search_users.csv,github.com,2023-10-25
alaa-noor,github_search_topic.csv,github.com,2023-10-25
alaa-noor,github_search_users.csv,github.com,2023-10-25
alecamcr,github_search_repo.csv,github.com,2023-10-25
alecamcr,github_search_users.csv,github.com,2023-10-25
alexanderc360,github_search_topic.csv,github.com,2023-10-25
alexanderc360,github_search_users.csv,github.com,2023-10-25
alexkli,github_search_users.csv,github.com,2023-10-25
alexkorga,github_search_users.csv,github.com,2023-10-25
alexl4123,github_org_commit.csv,GitHub.com,2023-10-25
alfeezy,github_search_users.csv,github.com,2023-10-25
alisher-turubayev,github_search_repo.csv,github.com,2023-10-25
alisher-turubayev,github_search_users.csv,github.com,2023-10-25
allentje,github_org_commit.csv,GitHub.com,2023-10-25
almqvest,github_search_users.csv,github.com,2023-10-25
alsino,github_search_repo.csv,github.com,2023-10-25
alsino,github_search_users.csv,github.com,2023-10-25
alyonavyshnevska,github_search_repo.csv,github.com,2023-10-25
alyonavyshnevska,github_search_users.csv,github.com,2023-10-25
anjakatzenberger,github_search_users.csv,github.com,2023-10-25
annameide,github_search_repo.csv,github.com,2023-10-25
annameide,github_search_topic.csv,github.com,2023-10-25
annameide,github_search_users.csv,github.com,2023-10-25
annekathleenmalchow,github_org_commit.csv,GitHub.com,2023-10-25
anykraus,github_org_commit.csv,GitHub.com,2023-10-25
aodenweller,github_search_users.csv,github.com,2023-10-25
arimue,github_org_commit.csv,GitHub.com,2023-10-25
arne-cl,github_org_commit.csv,GitHub.com,2023-10-25
askir,github_search_users.csv,github.com,2023-10-25
assuntasuess,github_org_commit.csv,GitHub.com,2023-10-25
astaup-it,github_search_topic.csv,github.com,2023-10-25
astaup-it,github_search_users.csv,github.com,2023-10-25
atakemura,github_org_commit.csv,GitHub.com,2023-10-25
aurelien-naldi,github_org_commit.csv,GitHub.com,2023-10-25
avitbhowmik,github_search_repo.csv,github.com,2023-10-25
avitbhowmik,github_search_users.csv,github.com,2023-10-25
azarozo19,github_search_topic.csv,github.com,2023-10-25
azarozo19,github_search_users.csv,github.com,2023-10-25
azuhr,github_search_users.csv,github.com,2023-10-25
bartbog,github_org_commit.csv,GitHub.com,2023-10-25
bastianzim,github_org_commit.csv,GitHub.com,2023-10-25
baudisch,github_search_users.csv,github.com,2023-10-25
beckermr,github_org_commit.csv,GitHub.com,2023-10-25
bedartha,github_org_commit.csv,GitHub.com,2023-10-25
benbals,github_org_commit.csv,GitHub.com,2023-10-25
benkaufmann,github_org_commit.csv,GitHub.com,2023-10-25
benlowit,github_search_users.csv,github.com,2023-10-25
bgailleton,github_search_users.csv,github.com,2023-10-25
bglaetzer,github_search_users.csv,github.com,2023-10-25
bgroenks96,github_search_users.csv,github.com,2023-10-25
bgruening,github_org_commit.csv,GitHub.com,2023-10-25
blblblu,github_search_users.csv,github.com,2023-10-25
bmarv,github_search_repo.csv,github.com,2023-10-25
bmarv,github_search_users.csv,github.com,2023-10-25
bodobookhagen,github_org_commit.csv,GitHub.com,2023-10-25
bodobookhagen,github_search_users.csv,github.com,2023-10-25
bollwyvl,github_org_commit.csv,GitHub.com,2023-10-25
bostame,github_search_topic.csv,github.com,2023-10-25
bostame,github_search_users.csv,github.com,2023-10-25
boundter,github_search_repo.csv,github.com,2023-10-25
boundter,github_search_users.csv,github.com,2023-10-25
bptlab,github_search_topic.csv,github.com,2023-10-25
bptlab,github_search_users.csv,github.com,2023-10-25
bpurinton,github_org_commit.csv,GitHub.com,2023-10-25
braunfuss,github_search_users.csv,github.com,2023-10-25
brechtknecht,github_search_repo.csv,github.com,2023-10-25
brechtknecht,github_search_topic.csv,github.com,2023-10-25
brechtknecht,github_search_users.csv,github.com,2023-10-25
briemadu,github_search_repo.csv,github.com,2023-10-25
briemadu,github_search_users.csv,github.com,2023-10-25
cabalar,github_org_commit.csv,GitHub.com,2023-10-25
captainunbrauchbar,github_search_topic.csv,github.com,2023-10-25
captainunbrauchbar,github_search_users.csv,github.com,2023-10-25
carterbox,github_org_commit.csv,GitHub.com,2023-10-25
cbrueffer,github_org_commit.csv,GitHub.com,2023-10-25
cedricmartens,github_org_commit.csv,GitHub.com,2023-10-25
charliederhund,github_search_topic.csv,github.com,2023-10-25
charliederhund,github_search_users.csv,github.com,2023-10-25
chpfaff98,github_search_topic.csv,github.com,2023-10-25
chpfaff98,github_search_users.csv,github.com,2023-10-25
chrisburr,github_org_commit.csv,GitHub.com,2023-10-25
christian-heusel,github_org_commit.csv,GitHub.com,2023-10-25
chrisyanluc,github_search_topic.csv,github.com,2023-10-25
chrisyanluc,github_search_users.csv,github.com,2023-10-25
chrkoenig,github_org_commit.csv,GitHub.com,2023-10-25
cjcrosby,github_org_commit.csv,GitHub.com,2023-10-25
clemenskubach,github_search_topic.csv,github.com,2023-10-25
clemenskubach,github_search_users.csv,github.com,2023-10-25
conda-forge-admin,github_org_commit.csv,GitHub.com,2023-10-25
crpiceda,github_search_repo.csv,github.com,2023-10-25
crpiceda,github_search_users.csv,github.com,2023-10-25
cschulz-hanke,github_org_commit.csv,GitHub.com,2023-10-25
cslm-lab,github_search_topic.csv,github.com,2023-10-25
cslm-lab,github_search_users.csv,github.com,2023-10-25
ctiedt,github_search_users.csv,github.com,2023-10-25
d3vilgames,github_search_users.csv,github.com,2023-10-25
dagtann,github_search_repo.csv,github.com,2023-10-25
dagtann,github_search_users.csv,github.com,2023-10-25
damariszurell,github_org_commit.csv,GitHub.com,2023-10-25
damariszurell,github_search_repo.csv,github.com,2023-10-25
damariszurell,github_search_users.csv,github.com,2023-10-25
danielemaselli,github_search_topic.csv,github.com,2023-10-25
danielemaselli,github_search_users.csv,github.com,2023-10-25
danieljanko98,github_search_topic.csv,github.com,2023-10-25
danieljanko98,github_search_users.csv,github.com,2023-10-25
danielrm84,github_search_repo.csv,github.com,2023-10-25
danielrm84,github_search_users.csv,github.com,2023-10-25
daqinghou,github_search_topic.csv,github.com,2023-10-25
daqinghou,github_search_users.csv,github.com,2023-10-25
dasj,github_org_commit.csv,GitHub.com,2023-10-25
datascienceup,github_search_users.csv,github.com,2023-10-25
daveraja,github_org_commit.csv,GitHub.com,2023-10-25
davidleonhard,github_search_topic.csv,github.com,2023-10-25
davidleonhard,github_search_users.csv,github.com,2023-10-25
davidschlangen,github_search_topic.csv,github.com,2023-10-25
davidschlangen,github_search_users.csv,github.com,2023-10-25
dbast,github_org_commit.csv,GitHub.com,2023-10-25
delwarhub,github_search_users.csv,github.com,2023-10-25
dependabot[bot],github_org_commit.csv,GitHub.com,2023-10-25
derf,github_org_commit.csv,GitHub.com,2023-10-25
deux9,github_search_repo.csv,github.com,2023-10-25
diego-dam,github_search_repo.csv,github.com,2023-10-25
diego-dam,github_search_users.csv,github.com,2023-10-25
diego635,github_search_topic.csv,github.com,2023-10-25
diego635,github_search_users.csv,github.com,2023-10-25
dieknolle3333,github_search_users.csv,github.com,2023-10-25
disc0erg0sum,github_search_repo.csv,github.com,2023-10-25
disc0erg0sum,github_search_users.csv,github.com,2023-10-25
discourse-lab,github_search_topic.csv,github.com,2023-10-25
discourse-lab,github_search_users.csv,github.com,2023-10-25
dkrako,github_org_commit.csv,GitHub.com,2023-10-25
dmrwal,github_search_users.csv,github.com,2023-10-25
domoritz,github_org_commit.csv,GitHub.com,2023-10-25
domoritz,github_search_repo.csv,github.com,2023-10-25
domoritz,github_search_users.csv,github.com,2023-10-25
dopplershift,github_org_commit.csv,GitHub.com,2023-10-25
dorisjovovic,github_search_users.csv,github.com,2023-10-25
dpryan79,github_org_commit.csv,GitHub.com,2023-10-25
dregzo,github_org_commit.csv,GitHub.com,2023-10-25
dudderle,github_search_repo.csv,github.com,2023-10-25
duyhung-nguyen,github_search_users.csv,github.com,2023-10-25
e-zolotarevskaya,github_search_users.csv,github.com,2023-10-25
edward-loves-github,github_search_users.csv,github.com,2023-10-25
eileenkammel,github_search_topic.csv,github.com,2023-10-25
eileenkammel,github_search_users.csv,github.com,2023-10-25
ekaterinailin,github_search_repo.csv,github.com,2023-10-25
ekaterinailin,github_search_users.csv,github.com,2023-10-25
emmanuel-mueller,github_search_users.csv,github.com,2023-10-25
encotric,github_search_topic.csv,github.com,2023-10-25
encotric,github_search_users.csv,github.com,2023-10-25
erolcan-er,github_org_commit.csv,GitHub.com,2023-10-25
etiennetignon,github_org_commit.csv,GitHub.com,2023-10-25
everornever,github_search_users.csv,github.com,2023-10-25
ezair,github_search_users.csv,github.com,2023-10-25
fahaddeshmukh,github_search_users.csv,github.com,2023-10-25
falkmaximilian,github_search_topic.csv,github.com,2023-10-25
falkmaximilian,github_search_users.csv,github.com,2023-10-25
fclubb,github_org_commit.csv,GitHub.com,2023-10-25
felix-naumann,github_search_users.csv,github.com,2023-10-25
felixdombek,github_org_commit.csv,GitHub.com,2023-10-25
felixrindt,github_org_commit.csv,GitHub.com,2023-10-25
ff6347,github_search_repo.csv,github.com,2023-10-25
ff6347,github_search_users.csv,github.com,2023-10-25
fh-potsdam,github_search_repo.csv,github.com,2023-10-25
fh-potsdam,github_search_users.csv,github.com,2023-10-25
flavioeverardo,github_org_commit.csv,GitHub.com,2023-10-25
flgebhardt,github_search_topic.csv,github.com,2023-10-25
flgebhardt,github_search_users.csv,github.com,2023-10-25
florianfischer91,github_org_commit.csv,GitHub.com,2023-10-25
flxw,github_search_repo.csv,github.com,2023-10-25
flxw,github_search_users.csv,github.com,2023-10-25
flyboys,github_search_users.csv,github.com,2023-10-25
flying-bear,github_search_repo.csv,github.com,2023-10-25
flying-bear,github_search_users.csv,github.com,2023-10-25
fmalerba,github_search_users.csv,github.com,2023-10-25
fosler,github_search_topic.csv,github.com,2023-10-25
fosler,github_search_users.csv,github.com,2023-10-25
francoislaferriere,github_org_commit.csv,GitHub.com,2023-10-25
franziskaboerner,github_org_commit.csv,GitHub.com,2023-10-25
frcroth,github_org_commit.csv,GitHub.com,2023-10-25
frcroth,github_search_users.csv,github.com,2023-10-25
freenerd,github_search_repo.csv,github.com,2023-10-25
freenerd,github_search_users.csv,github.com,2023-10-25
frischler,github_org_commit.csv,GitHub.com,2023-10-25
fsr-admin,github_org_commit.csv,GitHub.com,2023-10-25
fsr-de,github_search_repo.csv,github.com,2023-10-25
fsr-de,github_search_topic.csv,github.com,2023-10-25
fsr-de,github_search_users.csv,github.com,2023-10-25
georgt99,github_search_topic.csv,github.com,2023-10-25
georgt99,github_search_users.csv,github.com,2023-10-25
geveh,github_search_repo.csv,github.com,2023-10-25
geveh,github_search_users.csv,github.com,2023-10-25
gnomus,github_org_commit.csv,GitHub.com,2023-10-25
goanpeca,github_org_commit.csv,GitHub.com,2023-10-25
goldencm,github_search_topic.csv,github.com,2023-10-25
goldencm,github_search_users.csv,github.com,2023-10-25
gregwisenoah,github_search_users.csv,github.com,2023-10-25
grpranto,github_search_users.csv,github.com,2023-10-25
gue-ros,github_search_users.csv,github.com,2023-10-25
gunnar-pik,github_search_users.csv,github.com,2023-10-25
gustavmogull,github_search_users.csv,github.com,2023-10-25
gwastro-2019,github_search_users.csv,github.com,2023-10-25
haampie,github_org_commit.csv,GitHub.com,2023-10-25
hackpotsdam,github_search_users.csv,github.com,2023-10-25
halex97,github_org_commit.csv,GitHub.com,2023-10-25
hallerp,github_org_commit.csv,GitHub.com,2023-10-25
hannesharnisch,github_search_users.csv,github.com,2023-10-25
hasso-plattner-institute,github_search_topic.csv,github.com,2023-10-25
hatschito,github_org_commit.csv,GitHub.com,2023-10-25
hatschito,github_search_topic.csv,github.com,2023-10-25
hatschito,github_search_users.csv,github.com,2023-10-25
hazem0803,github_search_users.csv,github.com,2023-10-25
heiko-etzold,github_search_repo.csv,github.com,2023-10-25
henninggaertner,github_search_users.csv,github.com,2023-10-25
henryotunuya,github_org_commit.csv,GitHub.com,2023-10-25
heyhen,github_search_users.csv,github.com,2023-10-25
hgl0,github_search_repo.csv,github.com,2023-10-25
hgl0,github_search_users.csv,github.com,2023-10-25
hkraemer,github_search_users.csv,github.com,2023-10-25
hmaarrfk,github_org_commit.csv,GitHub.com,2023-10-25
horrowind,github_org_commit.csv,GitHub.com,2023-10-25
hpi-sam,github_search_repo.csv,github.com,2023-10-25
hpi-sam,github_search_users.csv,github.com,2023-10-25
hpimakerklub,github_search_users.csv,github.com,2023-10-25
hsleonis,github_search_topic.csv,github.com,2023-10-25
hsleonis,github_search_users.csv,github.com,2023-10-25
hugo-robalino,github_search_topic.csv,github.com,2023-10-25
hugo-robalino,github_search_users.csv,github.com,2023-10-25
hweichelt,github_org_commit.csv,GitHub.com,2023-10-25
hydrogo,github_search_topic.csv,github.com,2023-10-25
hydrogo,github_search_users.csv,github.com,2023-10-25
iliakur,github_search_repo.csv,github.com,2023-10-25
iliakur,github_search_users.csv,github.com,2023-10-25
isuruf,github_org_commit.csv,GitHub.com,2023-10-25
itakouna,github_search_topic.csv,github.com,2023-10-25
itakouna,github_search_users.csv,github.com,2023-10-25
itsnotyou,github_search_repo.csv,github.com,2023-10-25
itsnotyou,github_search_users.csv,github.com,2023-10-25
iuliia-mozhina,github_search_topic.csv,github.com,2023-10-25
iuliia-mozhina,github_search_users.csv,github.com,2023-10-25
ivanspirandelli,github_search_repo.csv,github.com,2023-10-25
ivanspirandelli,github_search_users.csv,github.com,2023-10-25
j-behrens,github_org_commit.csv,GitHub.com,2023-10-25
jaimergp,github_org_commit.csv,GitHub.com,2023-10-25
jakirkham,github_org_commit.csv,GitHub.com,2023-10-25
jakobchwastek,github_org_commit.csv,GitHub.com,2023-10-25
jakobwalter,github_search_users.csv,github.com,2023-10-25
jan-janssen,github_org_commit.csv,GitHub.com,2023-10-25
jan-wilhelm,github_search_users.csv,github.com,2023-10-25
janalexxxx,github_search_repo.csv,github.com,2023-10-25
janalexxxx,github_search_users.csv,github.com,2023-10-25
janametz2023,github_search_users.csv,github.com,2023-10-25
janheuer,github_org_commit.csv,GitHub.com,2023-10-25
janikraue,github_search_repo.csv,github.com,2023-10-25
janikraue,github_search_users.csv,github.com,2023-10-25
jannametz,github_search_topic.csv,github.com,2023-10-25
jannametz,github_search_users.csv,github.com,2023-10-25
janno42,github_org_commit.csv,GitHub.com,2023-10-25
javier-romero,github_org_commit.csv,GitHub.com,2023-10-25
javiergarea,github_org_commit.csv,GitHub.com,2023-10-25
jbeyerstedt,github_org_commit.csv,GitHub.com,2023-10-25
jbspeakr,github_search_repo.csv,github.com,2023-10-25
jbspeakr,github_search_users.csv,github.com,2023-10-25
jembach,github_search_users.csv,github.com,2023-10-25
jenniferpohle,github_search_topic.csv,github.com,2023-10-25
jenniferpohle,github_search_users.csv,github.com,2023-10-25
jeriox,github_org_commit.csv,GitHub.com,2023-10-25
jesse292cmd,github_search_users.csv,github.com,2023-10-25
jettereeg,github_org_commit.csv,GitHub.com,2023-10-25
jgontrum,github_search_repo.csv,github.com,2023-10-25
jgontrum,github_search_users.csv,github.com,2023-10-25
jhilaire,github_search_users.csv,github.com,2023-10-25
jhunter-ayad,github_org_commit.csv,GitHub.com,2023-10-25
jlauinger,github_org_commit.csv,GitHub.com,2023-10-25
jmm-b,github_search_topic.csv,github.com,2023-10-25
jmm-b,github_search_users.csv,github.com,2023-10-25
jonathansonntag,github_org_commit.csv,GitHub.com,2023-10-25
jorgefandinno,github_org_commit.csv,GitHub.com,2023-10-25
joshessman-llnl,github_org_commit.csv,GitHub.com,2023-10-25
josues,github_search_repo.csv,github.com,2023-10-25
josues,github_search_users.csv,github.com,2023-10-25
jplitza,github_org_commit.csv,GitHub.com,2023-10-25
jrarrowsmith,github_org_commit.csv,GitHub.com,2023-10-25
jrehwaldt,github_search_repo.csv,github.com,2023-10-25
jrehwaldt,github_search_users.csv,github.com,2023-10-25
jujara,github_search_repo.csv,github.com,2023-10-25
jujara,github_search_users.csv,github.com,2023-10-25
julians,github_search_repo.csv,github.com,2023-10-25
julians,github_search_users.csv,github.com,2023-10-25
juliusgarbe,github_search_users.csv,github.com,2023-10-25
justtil,github_search_users.csv,github.com,2023-10-25
jwacalex,github_org_commit.csv,GitHub.com,2023-10-25
kaliaragorn,github_org_commit.csv,GitHub.com,2023-10-25
karyon,github_org_commit.csv,GitHub.com,2023-10-25
katjakon,github_search_repo.csv,github.com,2023-10-25
katrinsch,github_org_commit.csv,GitHub.com,2023-10-25
kekeritz,github_search_repo.csv,github.com,2023-10-25
kekeritz,github_search_users.csv,github.com,2023-10-25
kerajli,github_org_commit.csv,GitHub.com,2023-10-25
ketrab2003,github_org_commit.csv,GitHub.com,2023-10-25
kglauer,github_search_users.csv,github.com,2023-10-25
klausdufke,github_search_topic.csv,github.com,2023-10-25
klausdufke,github_search_users.csv,github.com,2023-10-25
knit-bee,github_search_repo.csv,github.com,2023-10-25
knit-bee,github_search_users.csv,github.com,2023-10-25
krono,github_search_repo.csv,github.com,2023-10-25
krono,github_search_users.csv,github.com,2023-10-25
krr-up,github_search_topic.csv,github.com,2023-10-25
krr-up,github_search_users.csv,github.com,2023-10-25
krsticm,github_search_users.csv,github.com,2023-10-25
kstrauch94,github_org_commit.csv,GitHub.com,2023-10-25
kstueb,github_org_commit.csv,GitHub.com,2023-10-25
ksturtzkopf,github_org_commit.csv,GitHub.com,2023-10-25
kushal-10,github_search_repo.csv,github.com,2023-10-25
kushal-10,github_search_users.csv,github.com,2023-10-25
kuzminadya,github_search_repo.csv,github.com,2023-10-25
kuzminadya,github_search_users.csv,github.com,2023-10-25
lasseblaauwbroek,github_org_commit.csv,GitHub.com,2023-10-25
laura-riedel,github_org_commit.csv,github,2023-10-25
leaneb,github_org_commit.csv,GitHub.com,2023-10-25
lenabolliger,github_org_commit.csv,github,2023-10-25
lenajaeger,github_org_commit.csv,GitHub.com,2023-10-25
leonhermann322,github_search_users.csv,github.com,2023-10-25
leooleh,github_search_repo.csv,github.com,2023-10-25
leooleh,github_search_users.csv,github.com,2023-10-25
linusha,github_search_repo.csv,github.com,2023-10-25
linusha,github_search_users.csv,github.com,2023-10-25
lu-hub77,github_org_commit.csv,GitHub.com,2023-10-25
lucashoeft,github_search_repo.csv,github.com,2023-10-25
lucashoeft,github_search_users.csv,github.com,2023-10-25
lucasliebe,github_search_topic.csv,github.com,2023-10-25
lucasliebe,github_search_users.csv,github.com,2023-10-25
ludwigfrank,github_search_repo.csv,github.com,2023-10-25
ludwigfrank,github_search_users.csv,github.com,2023-10-25
lujoga,github_org_commit.csv,GitHub.com,2023-10-25
lukasrad02,github_org_commit.csv,GitHub.com,2023-10-25
ma-hansen,github_search_topic.csv,github.com,2023-10-25
ma-hansen,github_search_users.csv,github.com,2023-10-25
maibrittbergh,github_search_topic.csv,github.com,2023-10-25
maibrittbergh,github_search_users.csv,github.com,2023-10-25
maikbilling,github_search_users.csv,github.com,2023-10-25
majorsl,github_search_topic.csv,github.com,2023-10-25
majorsl,github_search_users.csv,github.com,2023-10-25
maltet,github_org_commit.csv,GitHub.com,2023-10-25
maltezimmermann,github_search_topic.csv,github.com,2023-10-25
maltezimmermann,github_search_users.csv,github.com,2023-10-25
manuelsteincke,github_search_repo.csv,github.com,2023-10-25
manuelsteincke,github_search_users.csv,github.com,2023-10-25
marcelgarus,github_org_commit.csv,GitHub.com,2023-10-25
marcelotrevisani,github_org_commit.csv,GitHub.com,2023-10-25
mariusvniekerk,github_org_commit.csv,GitHub.com,2023-10-25
martinhtrauth,github_search_users.csv,github.com,2023-10-25
marudor,github_org_commit.csv,GitHub.com,2023-10-25
matschundbrei,github_org_commit.csv,GitHub.com,2023-10-25
matthiashimmelmann,github_search_topic.csv,github.com,2023-10-25
matthiashimmelmann,github_search_users.csv,github.com,2023-10-25
maxifischer,github_search_users.csv,github.com,2023-10-25
maximilian-gelbrecht,github_search_users.csv,github.com,2023-10-25
maxostrowski,github_org_commit.csv,GitHub.com,2023-10-25
maxseidler,github_search_topic.csv,github.com,2023-10-25
maxseidler,github_search_users.csv,github.com,2023-10-25
maxtillich,github_search_users.csv,github.com,2023-10-25
mcvidomi,github_search_users.csv,github.com,2023-10-25
merlindlh,github_org_commit.csv,GitHub.com,2023-10-25
mgebser,github_org_commit.csv,GitHub.com,2023-10-25
mgx01,github_search_users.csv,github.com,2023-10-25
michik,github_org_commit.csv,GitHub.com,2023-10-25
miduku,github_search_repo.csv,github.com,2023-10-25
miduku,github_search_users.csv,github.com,2023-10-25
miroslavvitkov,github_search_repo.csv,github.com,2023-10-25
miroslavvitkov,github_search_users.csv,github.com,2023-10-25
mittelmark,github_search_repo.csv,github.com,2023-10-25
mittelmark,github_search_topic.csv,github.com,2023-10-25
mittelmark,github_search_users.csv,github.com,2023-10-25
mlcogup,github_search_topic.csv,github.com,2023-10-25
mlcogup,github_search_users.csv,github.com,2023-10-25
mlindauer,github_org_commit.csv,GitHub.com,2023-10-25
mmrabe,github_search_topic.csv,github.com,2023-10-25
mmrabe,github_search_users.csv,github.com,2023-10-25
mohseniaref,github_search_users.csv,github.com,2023-10-25
mortzu,github_org_commit.csv,GitHub.com,2023-10-25
morxa,github_org_commit.csv,GitHub.com,2023-10-25
msquare,github_org_commit.csv,GitHub.com,2023-10-25
muenchman,github_search_repo.csv,github.com,2023-10-25
muenchman,github_search_users.csv,github.com,2023-10-25
mupico,github_org_commit.csv,GitHub.com,2023-10-25
myigel,github_org_commit.csv,GitHub.com,2023-10-25
namcsi,github_org_commit.csv,GitHub.com,2023-10-25
namehzj,github_search_topic.csv,github.com,2023-10-25
namehzj,github_search_users.csv,github.com,2023-10-25
nandini-eso,github_search_users.csv,github.com,2023-10-25
nazaninbm,github_search_topic.csv,github.com,2023-10-25
nazaninbm,github_search_users.csv,github.com,2023-10-25
nef10,github_org_commit.csv,GitHub.com,2023-10-25
nhoose,github_search_topic.csv,github.com,2023-10-25
nhoose,github_search_users.csv,github.com,2023-10-25
nickpodratz,github_search_repo.csv,github.com,2023-10-25
nickpodratz,github_search_users.csv,github.com,2023-10-25
niconico6,github_search_users.csv,github.com,2023-10-25
niklhart,github_search_repo.csv,github.com,2023-10-25
niklhart,github_search_users.csv,github.com,2023-10-25
nils-schmitt,github_search_users.csv,github.com,2023-10-25
ninaharlacher,github_search_topic.csv,github.com,2023-10-25
ninaharlacher,github_search_users.csv,github.com,2023-10-25
ninamohnke,github_search_users.csv,github.com,2023-10-25
noahnawara,github_search_repo.csv,github.com,2023-10-25
noahnawara,github_search_users.csv,github.com,2023-10-25
noc0lour,github_org_commit.csv,GitHub.com,2023-10-25
nonbinarywave,github_search_topic.csv,github.com,2023-10-25
nonbinarywave,github_search_users.csv,github.com,2023-10-25
nos-,github_org_commit.csv,GitHub.com,2023-10-25
nrueh,github_org_commit.csv,GitHub.com,2023-10-25
ocefpaf,github_org_commit.csv,GitHub.com,2023-10-25
omseeth,github_search_topic.csv,github.com,2023-10-25
omseeth,github_search_users.csv,github.com,2023-10-25
ost-observatory,github_search_topic.csv,github.com,2023-10-25
ost-observatory,github_search_users.csv,github.com,2023-10-25
owrel,github_search_repo.csv,github.com,2023-10-25
owrel,github_search_users.csv,github.com,2023-10-25
pacman82,github_search_users.csv,github.com,2023-10-25
pamfuhrmeister,github_org_commit.csv,GitHub.com,2023-10-25
patrickkloesel,github_search_users.csv,github.com,2023-10-25
paula-kli,github_org_commit.csv,GitHub.com,2023-10-25
paulalisson,github_search_users.csv,github.com,2023-10-25
paulinegayrin,github_search_users.csv,github.com,2023-10-25
paulopu,github_search_topic.csv,github.com,2023-10-25
paulopu,github_search_users.csv,github.com,2023-10-25
paulrozdeba,github_search_topic.csv,github.com,2023-10-25
paulrozdeba,github_search_users.csv,github.com,2023-10-25
peacememories,github_org_commit.csv,GitHub.com,2023-10-25
pedrosatorremulet,github_search_users.csv,github.com,2023-10-25
peldszus,github_org_commit.csv,GitHub.com,2023-10-25
peterbourgonje,github_org_commit.csv,GitHub.com,2023-10-25
pfischbeck,github_search_users.csv,github.com,2023-10-25
philipp-bode,github_search_users.csv,github.com,2023-10-25
phsch08,github_org_commit.csv,GitHub.com,2023-10-25
pie-flavor,github_org_commit.csv,GitHub.com,2023-10-25
piggiosauro,github_search_topic.csv,github.com,2023-10-25
piggiosauro,github_search_users.csv,github.com,2023-10-25
plauth,github_search_users.csv,github.com,2023-10-25
pluehne,github_org_commit.csv,GitHub.com,2023-10-25
pmlandwehr,github_org_commit.csv,GitHub.com,2023-10-25
pobermei,github_org_commit.csv,GitHub.com,2023-10-25
poolbar,github_search_repo.csv,github.com,2023-10-25
poolbar,github_search_users.csv,github.com,2023-10-25
potassco,github_search_topic.csv,github.com,2023-10-25
potassco,github_search_users.csv,github.com,2023-10-25
potsdamer-instrumentalisten,github_search_repo.csv,github.com,2023-10-25
potsdamer-instrumentalisten,github_search_users.csv,github.com,2023-10-25
prassepaul,github_org_commit.csv,GitHub.com,2023-10-25
pre-commit-ci[bot],github_org_commit.csv,GitHub.com,2023-10-25
problemsolvingio,github_search_repo.csv,github.com,2023-10-25
problemsolvingio,github_search_users.csv,github.com,2023-10-25
psandhaas,github_search_users.csv,github.com,2023-10-25
pschonev,github_search_repo.csv,github.com,2023-10-25
pschonev,github_search_users.csv,github.com,2023-10-25
qyanu,github_org_commit.csv,GitHub.com,2023-10-25
raboof,github_org_commit.csv,GitHub.com,2023-10-25
rafiberlin,github_search_topic.csv,github.com,2023-10-25
rafiberlin,github_search_users.csv,github.com,2023-10-25
ralfrothenberger,github_search_topic.csv,github.com,2023-10-25
ralfrothenberger,github_search_users.csv,github.com,2023-10-25
rbock,github_search_users.csv,github.com,2023-10-25
resfahani,github_search_topic.csv,github.com,2023-10-25
resfahani,github_search_users.csv,github.com,2023-10-25
rethous,github_org_commit.csv,GitHub.com,2023-10-25
rheinwalt,github_org_commit.csv,GitHub.com,2023-10-25
rherbrich74,github_search_users.csv,github.com,2023-10-25
richilino,github_search_topic.csv,github.com,2023-10-25
richilino,github_search_users.csv,github.com,2023-10-25
rkaminsk,github_org_commit.csv,GitHub.com,2023-10-25
rknaebel,github_search_users.csv,github.com,2023-10-25
rluria14,github_org_commit.csv,GitHub.com,2023-10-25
rmiddelanis,github_search_users.csv,github.com,2023-10-25
rnschmdlr,github_search_users.csv,github.com,2023-10-25
roberthirschfeld,github_search_users.csv,github.com,2023-10-25
robinschaefer,github_org_commit.csv,GitHub.com,2023-10-25
robofish,github_org_commit.csv,GitHub.com,2023-10-25
rokcestnik,github_search_repo.csv,github.com,2023-10-25
rokcestnik,github_search_users.csv,github.com,2023-10-25
roshanrane,github_search_repo.csv,github.com,2023-10-25
roshanrane,github_search_users.csv,github.com,2023-10-25
rullec,github_search_users.csv,github.com,2023-10-25
s18neel,github_search_topic.csv,github.com,2023-10-25
s18neel,github_search_users.csv,github.com,2023-10-25
samuelpilz,github_org_commit.csv,GitHub.com,2023-10-25
sarahkiener,github_org_commit.csv,github,2023-10-25
saswatdash1998,github_search_topic.csv,github.com,2023-10-25
saswatdash1998,github_search_users.csv,github.com,2023-10-25
schellhorn,github_org_commit.csv,GitHub.com,2023-10-25
scopatz,github_org_commit.csv,GitHub.com,2023-10-25
sebas524,github_search_topic.csv,github.com,2023-10-25
sebas524,github_search_users.csv,github.com,2023-10-25
seem-ish,github_org_commit.csv,GitHub.com,2023-10-25
semanticmultimedia,github_search_topic.csv,github.com,2023-10-25
semanticmultimedia,github_search_users.csv,github.com,2023-10-25
semjonwilke,github_search_topic.csv,github.com,2023-10-25
semjonwilke,github_search_users.csv,github.com,2023-10-25
shadiouss,github_search_users.csv,github.com,2023-10-25
shahriar-96,github_search_topic.csv,github.com,2023-10-25
shahriar-96,github_search_users.csv,github.com,2023-10-25
shithead,github_org_commit.csv,GitHub.com,2023-10-25
shuwen27,github_org_commit.csv,GitHub.com,2023-10-25
silvanverhoeven,github_org_commit.csv,GitHub.com,2023-10-25
simonestuenzi,github_search_users.csv,github.com,2023-10-25
simonrolph,github_org_commit.csv,GitHub.com,2023-10-25
simonstadlinger,github_search_repo.csv,github.com,2023-10-25
siqube,github_org_commit.csv,GitHub.com,2023-10-25
siqube-adobe,github_org_commit.csv,GitHub.com,2023-10-25
snagnar,github_search_users.csv,github.com,2023-10-25
sodhinchu,github_search_topic.csv,github.com,2023-10-25
sodhinchu,github_search_users.csv,github.com,2023-10-25
sodre,github_org_commit.csv,GitHub.com,2023-10-25
soenbeier,github_search_users.csv,github.com,2023-10-25
software-engineering-group-up,github_search_topic.csv,github.com,2023-10-25
software-engineering-group-up,github_search_users.csv,github.com,2023-10-25
soslavsk,github_search_topic.csv,github.com,2023-10-25
soslavsk,github_search_users.csv,github.com,2023-10-25
stefanogermano,github_org_commit.csv,GitHub.com,2023-10-25
stefnotch,github_org_commit.csv,GitHub.com,2023-10-25
sthiele,github_org_commit.csv,GitHub.com,2023-10-25
studierendenschaft,github_search_topic.csv,github.com,2023-10-25
susuhahnml,github_org_commit.csv,GitHub.com,2023-10-25
susuhahnml,github_search_users.csv,github.com,2023-10-25
svancaj,github_org_commit.csv,GitHub.com,2023-10-25
swilharm,github_search_topic.csv,github.com,2023-10-25
swilharm,github_search_users.csv,github.com,2023-10-25
synapticarbors,github_org_commit.csv,GitHub.com,2023-10-25
szugyiedit,github_search_repo.csv,github.com,2023-10-25
szugyiedit,github_search_users.csv,github.com,2023-10-25
t4rika,github_org_commit.csv,GitHub.com,2023-10-25
tamaraatanasoska,github_search_repo.csv,github.com,2023-10-25
tamaraatanasoska,github_search_users.csv,github.com,2023-10-25
tasmi,github_org_commit.csv,GitHub.com,2023-10-25
tasmi,github_search_users.csv,github.com,2023-10-25
tasnimul-unipotsdam,github_search_topic.csv,github.com,2023-10-25
tasnimul-unipotsdam,github_search_users.csv,github.com,2023-10-25
te3m,github_search_users.csv,github.com,2023-10-25
tee994,github_search_repo.csv,github.com,2023-10-25
tee994,github_search_users.csv,github.com,2023-10-25
teiesti,github_org_commit.csv,GitHub.com,2023-10-25
thedebbister,github_org_commit.csv,GitHub.com,2023-10-25
thewchan,github_org_commit.csv,GitHub.com,2023-10-25
thogaertner,github_search_topic.csv,github.com,2023-10-25
thogaertner,github_search_users.csv,github.com,2023-10-25
thomas-muench,github_search_users.csv,github.com,2023-10-25
thomas-otto,github_org_commit.csv,GitHub.com,2023-10-25
tillf,github_search_users.csv,github.com,2023-10-25
tim-theenchanter,github_search_repo.csv,github.com,2023-10-25
tim-theenchanter,github_search_users.csv,github.com,2023-10-25
timmate,github_search_topic.csv,github.com,2023-10-25
timmate,github_search_users.csv,github.com,2023-10-25
timn,github_org_commit.csv,GitHub.com,2023-10-25
timrichter,github_search_repo.csv,github.com,2023-10-25
timrichter,github_search_users.csv,github.com,2023-10-25
tobias-fischer,github_org_commit.csv,GitHub.com,2023-10-25
tobraun,github_search_users.csv,github.com,2023-10-25
tortinator,github_org_commit.csv,GitHub.com,2023-10-25
tortinator,github_search_users.csv,github.com,2023-10-25
traversaro,github_org_commit.csv,GitHub.com,2023-10-25
trws,github_org_commit.csv,GitHub.com,2023-10-25
tscheffler,github_org_commit.csv,GitHub.com,2023-10-25
tschirner,github_org_commit.csv,github,2023-10-25
tschlemm,github_search_users.csv,github.com,2023-10-25
tzwenn,github_org_commit.csv,GitHub.com,2023-10-25
tzwenn,github_search_repo.csv,github.com,2023-10-25
ubpot,github_search_users.csv,github.com,2023-10-25
university-of-potsdam-mm,github_search_repo.csv,github.com,2023-10-25
university-of-potsdam-mm,github_search_users.csv,github.com,2023-10-25
up-macroecology,github_search_topic.csv,github.com,2023-10-25
up-macroecology,github_search_users.csv,github.com,2023-10-25
up-rs-esp,github_search_repo.csv,github.com,2023-10-25
up-rs-esp,github_search_topic.csv,github.com,2023-10-25
up-rs-esp,github_search_users.csv,github.com,2023-10-25
uplug,github_search_users.csv,github.com,2023-10-25
valgur,github_org_commit.csv,GitHub.com,2023-10-25
vasishth,github_search_repo.csv,github.com,2023-10-25
vasishth,github_search_users.csv,github.com,2023-10-25
vasishthlabor,github_search_repo.csv,github.com,2023-10-25
vasishthlabor,github_search_users.csv,github.com,2023-10-25
verdeev,github_search_topic.csv,github.com,2023-10-25
vykimo,github_search_repo.csv,github.com,2023-10-25
vykimo,github_search_users.csv,github.com,2023-10-25
wanko,github_org_commit.csv,GitHub.com,2023-10-25
warpaint97,github_search_repo.csv,github.com,2023-10-25
warpaint97,github_search_users.csv,github.com,2023-10-25
wattnpapa,github_org_commit.csv,GitHub.com,2023-10-25
webastronaut,github_org_commit.csv,GitHub.com,2023-10-25
weeman1337,github_org_commit.csv,GitHub.com,2023-10-25
wetterprophet,github_search_repo.csv,github.com,2023-10-25
wetterprophet,github_search_users.csv,github.com,2023-10-25
whuiskamp,github_search_users.csv,github.com,2023-10-25
wladimirsidorenko,github_org_commit.csv,GitHub.com,2023-10-25
wolfv,github_org_commit.csv,GitHub.com,2023-10-25
wschwanghart,github_search_repo.csv,github.com,2023-10-25
wschwanghart,github_search_topic.csv,github.com,2023-10-25
wschwanghart,github_search_users.csv,github.com,2023-10-25
xarxaxdev,github_search_users.csv,github.com,2023-10-25
xhochy,github_org_commit.csv,GitHub.com,2023-10-25
xiaoxiangguangfz,github_search_repo.csv,github.com,2023-10-25
xiaoxiangguangfz,github_search_users.csv,github.com,2023-10-25
ximex,github_org_commit.csv,GitHub.com,2023-10-25
xuwhite,github_org_commit.csv,GitHub.com,2023-10-25
yadavhimanshu059,github_search_topic.csv,github.com,2023-10-25
yadavhimanshu059,github_search_users.csv,github.com,2023-10-25
yanapalacheva,github_search_topic.csv,github.com,2023-10-25
yanapalacheva,github_search_users.csv,github.com,2023-10-25
yanweiser,github_search_repo.csv,github.com,2023-10-25
yanweiser,github_search_users.csv,github.com,2023-10-25
yerkesoul,github_search_users.csv,github.com,2023-10-25
yuxizhang11,github_search_users.csv,github.com,2023-10-25
zayenz,github_org_commit.csv,GitHub.com,2023-10-25
zentrum-lexikographie,github_search_repo.csv,github.com,2023-10-25
zentrum-lexikographie,github_search_users.csv,github.com,2023-10-25
