user_id,date,service,source_subfolder
sthiele,2023-10-12,github,results
hallerp,2023-10-12,github,results
jakobchwastek,2023-10-12,github,results
lenabolliger,2023-10-12,github,results
LenaJaeger,2023-10-12,github,results
prassepaul,2023-10-12,github,results
sarahkiener,2023-10-12,github,results
Shuwen27,2023-10-12,github,results
SiQube,2023-10-12,github,results
tschirner,2023-10-12,github,results
KatrinSch,2023-10-12,github,results
MaxOstrowski,2023-10-12,github,results
pluehne,2023-10-12,github,results
rkaminsk,2023-10-12,github,results
sthiele,2023-10-12,github,results
tortinator,2023-10-12,github,results
wanko,2023-10-12,github,results
laura-riedel,2023-10-12,github,results
arne-cl,2023-10-12,github,results
FelixDombek,2023-10-12,github,results
peldszus,2023-10-12,github,results
RobinSchaefer,2023-10-12,github,results
TScheffler,2023-10-12,github,results
rkaminsk,2023-10-12,GitHub.com,potassco
alexl4123,2023-10-12,GitHub.com,potassco
susuhahnml,2023-10-12,GitHub.com,potassco
pobermei,2023-10-12,GitHub.com,potassco
svancaj,2023-10-12,GitHub.com,potassco
sthiele,2023-10-12,GitHub.com,potassco
peacememories,2023-10-12,GitHub.com,potassco
pluehne,2023-10-12,GitHub.com,potassco
samuelpilz,2023-10-12,GitHub.com,potassco
aurelien-naldi,2023-10-12,GitHub.com,potassco
MalteT,2023-10-12,GitHub.com,potassco
keraJLi,2023-10-12,GitHub.com,potassco
javier-romero,2023-10-12,GitHub.com,potassco
sthiele,2023-10-12,GitHub.com,potassco
sthiele,2023-10-12,GitHub.com,potassco
dependabot[bot],2023-10-12,GitHub.com,potassco
sthiele,2023-10-12,GitHub.com,potassco
zayenz,2023-10-12,GitHub.com,potassco
dependabot[bot],2023-10-12,GitHub.com,potassco
javier-romero,2023-10-12,GitHub.com,potassco
BenKaufmann,2023-10-12,GitHub.com,potassco
rkaminsk,2023-10-12,GitHub.com,potassco
pobermei,2023-10-12,GitHub.com,potassco
Thomas-Otto,2023-10-12,GitHub.com,potassco
janheuer,2023-10-12,GitHub.com,potassco
javier-romero,2023-10-12,GitHub.com,potassco
halex97,2023-10-12,GitHub.com,potassco
domoritz,2023-10-12,GitHub.com,potassco
teiesti,2023-10-12,GitHub.com,potassco
MaxOstrowski,2023-10-12,GitHub.com,potassco
sthiele,2023-10-12,GitHub.com,potassco
MaxOstrowski,2023-10-12,GitHub.com,potassco
sthiele,2023-10-12,GitHub.com,potassco
susuhahnml,2023-10-12,GitHub.com,potassco
pobermei,2023-10-12,GitHub.com,potassco
susuhahnml,2023-10-12,GitHub.com,potassco
javier-romero,2023-10-12,GitHub.com,potassco
rkaminsk,2023-10-12,GitHub.com,potassco
sthiele,2023-10-12,GitHub.com,potassco
schellhorn,2023-10-12,GitHub.com,potassco
atakemura,2023-10-12,GitHub.com,potassco
rkaminsk,2023-10-12,GitHub.com,potassco
rkaminsk,2023-10-12,GitHub.com,potassco
BenKaufmann,2023-10-12,GitHub.com,potassco
domoritz,2023-10-12,GitHub.com,potassco
LasseBlaauwbroek,2023-10-12,GitHub.com,potassco
sthiele,2023-10-12,GitHub.com,potassco
MaxOstrowski,2023-10-12,GitHub.com,potassco
Rethous,2023-10-12,GitHub.com,potassco
nrueh,2023-10-12,GitHub.com,potassco
javier-romero,2023-10-12,GitHub.com,potassco
tortinator,2023-10-12,GitHub.com,potassco
pobermei,2023-10-12,GitHub.com,potassco
javier-romero,2023-10-12,GitHub.com,potassco
rkaminsk,2023-10-12,GitHub.com,potassco
jorgefandinno,2023-10-12,GitHub.com,potassco
susuhahnml,2023-10-12,GitHub.com,potassco
wanko,2023-10-12,GitHub.com,potassco
susuhahnml,2023-10-12,GitHub.com,potassco
javiergarea,2023-10-12,GitHub.com,potassco
cabalar,2023-10-12,GitHub.com,potassco
rkaminsk,2023-10-12,GitHub.com,potassco
sthiele,2023-10-12,GitHub.com,potassco
daveraja,2023-10-12,GitHub.com,potassco
pobermei,2023-10-12,GitHub.com,potassco
Thomas-Otto,2023-10-12,GitHub.com,potassco
javier-romero,2023-10-12,GitHub.com,potassco
MaxOstrowski,2023-10-12,GitHub.com,potassco
javier-romero,2023-10-12,GitHub.com,potassco
kstrauch94,2023-10-12,GitHub.com,potassco
wanko,2023-10-12,GitHub.com,potassco
mlindauer,2023-10-12,GitHub.com,potassco
cschulz-hanke,2023-10-12,GitHub.com,potassco
MaxOstrowski,2023-10-12,GitHub.com,potassco
tortinator,2023-10-12,GitHub.com,potassco
pobermei,2023-10-12,GitHub.com,potassco
mgebser,2023-10-12,GitHub.com,potassco
wanko,2023-10-12,GitHub.com,potassco
pluehne,2023-10-12,GitHub.com,potassco
rkaminsk,2023-10-12,GitHub.com,potassco
BenKaufmann,2023-10-12,GitHub.com,potassco
MaxOstrowski,2023-10-12,GitHub.com,potassco
pluehne,2023-10-12,GitHub.com,potassco
tortinator,2023-10-12,GitHub.com,potassco
wanko,2023-10-12,GitHub.com,potassco
pobermei,2023-10-12,GitHub.com,potassco
sthiele,2023-10-12,GitHub.com,potassco
stefanogermano,2023-10-12,GitHub.com,potassco
cschulz-hanke,2023-10-12,GitHub.com,potassco
javier-romero,2023-10-12,GitHub.com,potassco
kaliaragorn,2023-10-12,GitHub.com,potassco
mgebser,2023-10-12,GitHub.com,potassco
stefnotch,2023-10-12,GitHub.com,potassco
nrueh,2023-10-12,GitHub.com,potassco
susuhahnml,2023-10-12,GitHub.com,potassco
javier-romero,2023-10-12,GitHub.com,potassco
rkaminsk,2023-10-12,GitHub.com,potassco
domoritz,2023-10-12,GitHub.com,potassco
rkaminsk,2023-10-12,GitHub.com,potassco
mlindauer,2023-10-12,GitHub.com,potassco
BenKaufmann,2023-10-12,GitHub.com,potassco
kstrauch94,2023-10-12,GitHub.com,potassco
pobermei,2023-10-12,GitHub.com,potassco
daveraja,2023-10-12,GitHub.com,potassco
MaxOstrowski,2023-10-12,GitHub.com,potassco
pluehne,2023-10-12,GitHub.com,potassco
Webastronaut,2023-10-12,GitHub.com,potassco
sthiele,2023-10-12,GitHub.com,potassco
MaxOstrowski,2023-10-12,GitHub.com,potassco
pluehne,2023-10-12,GitHub.com,potassco
flavioeverardo,2023-10-12,GitHub.com,potassco
rkaminsk,2023-10-12,GitHub.com,potassco
svancaj,2023-10-12,GitHub.com,potassco
pobermei,2023-10-12,GitHub.com,potassco
rkaminsk,2023-10-12,GitHub.com,potassco
MaxOstrowski,2023-10-12,GitHub.com,potassco
rkaminsk,2023-10-12,GitHub.com,potassco
BenKaufmann,2023-10-12,GitHub.com,potassco
pluehne,2023-10-12,GitHub.com,potassco
MaxOstrowski,2023-10-12,GitHub.com,potassco
sthiele,2023-10-12,GitHub.com,potassco
domoritz,2023-10-12,GitHub.com,potassco
javier-romero,2023-10-12,GitHub.com,potassco
haampie,2023-10-12,GitHub.com,potassco
Horrowind,2023-10-12,GitHub.com,potassco
0x326,2023-10-12,GitHub.com,potassco
joshessman-llnl,2023-10-12,GitHub.com,potassco
mgebser,2023-10-12,GitHub.com,potassco
qyanu,2023-10-12,GitHub.com,potassco
morxa,2023-10-12,GitHub.com,potassco
timn,2023-10-12,GitHub.com,potassco
trws,2023-10-12,GitHub.com,potassco
bartbog,2023-10-12,GitHub.com,potassco
wanko,2023-10-12,GitHub.com,potassco
MaxOstrowski,2023-10-12,GitHub.com,potassco
sthiele,2023-10-12,GitHub.com,potassco
samuelpilz,2023-10-12,GitHub.com,potassco
pie-flavor,2023-10-12,GitHub.com,potassco
aurelien-naldi,2023-10-12,GitHub.com,potassco
sthiele,2023-10-12,GitHub.com,potassco
susuhahnml,2023-10-12,GitHub.com,potassco
MaxOstrowski,2023-10-12,GitHub.com,potassco
pluehne,2023-10-12,GitHub.com,potassco
mgebser,2023-10-12,GitHub.com,potassco
tortinator,2023-10-12,GitHub.com,potassco
MaxOstrowski,2023-10-12,GitHub.com,potassco
daveraja,2023-10-12,GitHub.com,potassco
florianfischer91,2023-10-12,GitHub.com,potassco
rkaminsk,2023-10-12,GitHub.com,potassco
MaxOstrowski,2023-10-12,GitHub.com,potassco
teiesti,2023-10-12,GitHub.com,potassco
javier-romero,2023-10-12,GitHub.com,potassco
pobermei,2023-10-12,GitHub.com,potassco
sthiele,2023-10-12,GitHub.com,potassco
dependabot[bot],2023-10-12,GitHub.com,potassco
rkaminsk,2023-10-12,GitHub.com,potassco
MaxOstrowski,2023-10-12,GitHub.com,potassco
wanko,2023-10-12,GitHub.com,potassco
sthiele,2023-10-12,GitHub.com,potassco
rkaminsk,2023-10-12,GitHub.com,potassco
tortinator,2023-10-12,GitHub.com,potassco
javier-romero,2023-10-12,GitHub.com,potassco
mgebser,2023-10-12,GitHub.com,potassco
BenKaufmann,2023-10-12,GitHub.com,potassco
wanko,2023-10-12,GitHub.com,potassco
cschulz-hanke,2023-10-12,GitHub.com,potassco
qyanu,2023-10-12,GitHub.com,potassco
sthiele,2023-10-12,GitHub.com,potassco
bartbog,2023-10-12,GitHub.com,potassco
MaxOstrowski,2023-10-12,GitHub.com,potassco
BenKaufmann,2023-10-12,GitHub.com,potassco
rkaminsk,2023-10-12,GitHub.com,potassco
sthiele,2023-10-12,GitHub.com,potassco
tortinator,2023-10-12,GitHub.com,potassco
javier-romero,2023-10-12,GitHub.com,potassco
FrancoisLaferriere,2023-10-12,GitHub.com,potassco
teiesti,2023-10-12,GitHub.com,potassco
sthiele,2023-10-12,GitHub.com,potassco
MaxOstrowski,2023-10-12,GitHub.com,potassco
rkaminsk,2023-10-12,GitHub.com,potassco
javier-romero,2023-10-12,GitHub.com,potassco
pluehne,2023-10-12,GitHub.com,potassco
rkaminsk,2023-10-12,GitHub.com,potassco
rkaminsk,2023-10-12,GitHub.com,potassco
FrancoisLaferriere,2023-10-12,GitHub.com,potassco
susuhahnml,2023-10-12,GitHub.com,potassco
rkaminsk,2023-10-12,GitHub.com,potassco
susuhahnml,2023-10-12,GitHub.com,potassco
teiesti,2023-10-12,GitHub.com,potassco
rkaminsk,2023-10-12,GitHub.com,potassco
annekathleenmalchow,2023-10-12,GitHub.com,UP-macroecology
KatrinSch,2023-10-12,GitHub.com,UP-macroecology
damariszurell,2023-10-12,GitHub.com,UP-macroecology
JHunter-Ayad,2023-10-12,GitHub.com,UP-macroecology
JetteReeg,2023-10-12,GitHub.com,UP-macroecology
damariszurell,2023-10-12,GitHub.com,UP-macroecology
ChrKoenig,2023-10-12,GitHub.com,UP-macroecology
JetteReeg,2023-10-12,GitHub.com,UP-macroecology
simonrolph,2023-10-12,GitHub.com,UP-macroecology
annekathleenmalchow,2023-10-12,GitHub.com,UP-macroecology
damariszurell,2023-10-12,GitHub.com,UP-macroecology
Rheinwalt,2023-10-12,GitHub.com,UP-RS-ESP
BodoBookhagen,2023-10-12,GitHub.com,UP-RS-ESP
Rheinwalt,2023-10-12,GitHub.com,UP-RS-ESP
bpurinton,2023-10-12,GitHub.com,UP-RS-ESP
fclubb,2023-10-12,GitHub.com,UP-RS-ESP
bpurinton,2023-10-12,GitHub.com,UP-RS-ESP
BodoBookhagen,2023-10-12,GitHub.com,UP-RS-ESP
kstueb,2023-10-12,GitHub.com,UP-RS-ESP
bpurinton,2023-10-12,GitHub.com,UP-RS-ESP
Rheinwalt,2023-10-12,GitHub.com,UP-RS-ESP
franziskaboerner,2023-10-12,GitHub.com,UP-RS-ESP
BodoBookhagen,2023-10-12,GitHub.com,UP-RS-ESP
Rheinwalt,2023-10-12,GitHub.com,UP-RS-ESP
arimue,2023-10-12,GitHub.com,UP-RS-ESP
BodoBookhagen,2023-10-12,GitHub.com,UP-RS-ESP
BodoBookhagen,2023-10-12,GitHub.com,UP-RS-ESP
Rheinwalt,2023-10-12,GitHub.com,UP-RS-ESP
BodoBookhagen,2023-10-12,GitHub.com,UP-RS-ESP
hatschito,2023-10-12,GitHub.com,UP-RS-ESP
tasmi,2023-10-12,GitHub.com,UP-RS-ESP
dependabot[bot],2023-10-12,GitHub.com,UP-RS-ESP
Rheinwalt,2023-10-12,GitHub.com,UP-RS-ESP
BodoBookhagen,2023-10-12,GitHub.com,UP-RS-ESP
tasmi,2023-10-12,GitHub.com,UP-RS-ESP
bedartha,2023-10-12,GitHub.com,UP-RS-ESP
BodoBookhagen,2023-10-12,GitHub.com,UP-RS-ESP
Rheinwalt,2023-10-12,GitHub.com,UP-RS-ESP
BodoBookhagen,2023-10-12,GitHub.com,UP-RS-ESP
jrarrowsmith,2023-10-12,GitHub.com,UP-RS-ESP
BodoBookhagen,2023-10-12,GitHub.com,UP-RS-ESP
tasmi,2023-10-12,GitHub.com,UP-RS-ESP
Rheinwalt,2023-10-12,GitHub.com,UP-RS-ESP
Rheinwalt,2023-10-12,GitHub.com,UP-RS-ESP
Rheinwalt,2023-10-12,GitHub.com,UP-RS-ESP
BodoBookhagen,2023-10-12,GitHub.com,UP-RS-ESP
Rheinwalt,2023-10-12,GitHub.com,UP-RS-ESP
Rheinwalt,2023-10-12,GitHub.com,UP-RS-ESP
BodoBookhagen,2023-10-12,GitHub.com,UP-RS-ESP
Rheinwalt,2023-10-12,GitHub.com,UP-RS-ESP
bedartha,2023-10-12,GitHub.com,UP-RS-ESP
tasmi,2023-10-12,GitHub.com,UP-RS-ESP
BodoBookhagen,2023-10-12,GitHub.com,UP-RS-ESP
Rheinwalt,2023-10-12,GitHub.com,UP-RS-ESP
tasmi,2023-10-12,GitHub.com,UP-RS-ESP
bedartha,2023-10-12,GitHub.com,UP-RS-ESP
bpurinton,2023-10-12,GitHub.com,UP-RS-ESP
Rheinwalt,2023-10-12,GitHub.com,UP-RS-ESP
arimue,2023-10-12,GitHub.com,UP-RS-ESP
bedartha,2023-10-12,GitHub.com,UP-RS-ESP
BodoBookhagen,2023-10-12,GitHub.com,UP-RS-ESP
jrarrowsmith,2023-10-12,GitHub.com,UP-RS-ESP
cjcrosby,2023-10-12,GitHub.com,UP-RS-ESP
Rheinwalt,2023-10-12,GitHub.com,UP-RS-ESP
fclubb,2023-10-12,GitHub.com,UP-RS-ESP
bpurinton,2023-10-12,GitHub.com,UP-RS-ESP
valgur,2023-10-12,GitHub.com,UP-RS-ESP
BodoBookhagen,2023-10-12,GitHub.com,UP-RS-ESP
tasmi,2023-10-12,GitHub.com,UP-RS-ESP
bpurinton,2023-10-12,GitHub.com,UP-RS-ESP
bpurinton,2023-10-12,GitHub.com,UP-RS-ESP
Rheinwalt,2023-10-12,GitHub.com,UP-RS-ESP
tasmi,2023-10-12,GitHub.com,UP-RS-ESP
Rheinwalt,2023-10-12,GitHub.com,UP-RS-ESP
arimue,2023-10-12,GitHub.com,UP-RS-ESP
BodoBookhagen,2023-10-12,GitHub.com,UP-RS-ESP
bpurinton,2023-10-12,GitHub.com,UP-RS-ESP
prassepaul,2023-10-12,GitHub.com,aeye-lab
SiQube,2023-10-12,GitHub.com,aeye-lab
dkrako,2023-10-12,GitHub.com,aeye-lab
dkrako,2023-10-12,GitHub.com,aeye-lab
ocefpaf,2023-10-12,GitHub.com,aeye-lab
conda-forge-admin,2023-10-12,GitHub.com,aeye-lab
jan-janssen,2023-10-12,GitHub.com,aeye-lab
scopatz,2023-10-12,GitHub.com,aeye-lab
chrisburr,2023-10-12,GitHub.com,aeye-lab
jakirkham,2023-10-12,GitHub.com,aeye-lab
cbrueffer,2023-10-12,GitHub.com,aeye-lab
isuruf,2023-10-12,GitHub.com,aeye-lab
thewchan,2023-10-12,GitHub.com,aeye-lab
bgruening,2023-10-12,GitHub.com,aeye-lab
dopplershift,2023-10-12,GitHub.com,aeye-lab
synapticarbors,2023-10-12,GitHub.com,aeye-lab
xhochy,2023-10-12,GitHub.com,aeye-lab
BastianZim,2023-10-12,GitHub.com,aeye-lab
beckermr,2023-10-12,GitHub.com,aeye-lab
goanpeca,2023-10-12,GitHub.com,aeye-lab
pmlandwehr,2023-10-12,GitHub.com,aeye-lab
sodre,2023-10-12,GitHub.com,aeye-lab
mariusvniekerk,2023-10-12,GitHub.com,aeye-lab
jaimergp,2023-10-12,GitHub.com,aeye-lab
dbast,2023-10-12,GitHub.com,aeye-lab
marcelotrevisani,2023-10-12,GitHub.com,aeye-lab
hmaarrfk,2023-10-12,GitHub.com,aeye-lab
dpryan79,2023-10-12,GitHub.com,aeye-lab
traversaro,2023-10-12,GitHub.com,aeye-lab
bollwyvl,2023-10-12,GitHub.com,aeye-lab
wolfv,2023-10-12,GitHub.com,aeye-lab
Tobias-Fischer,2023-10-12,GitHub.com,aeye-lab
rluria14,2023-10-12,GitHub.com,aeye-lab
carterbox,2023-10-12,GitHub.com,aeye-lab
SiQube,2023-10-12,GitHub.com,aeye-lab
Shuwen27,2023-10-12,GitHub.com,aeye-lab
theDebbister,2023-10-12,GitHub.com,aeye-lab
dkrako,2023-10-12,GitHub.com,aeye-lab
SiQube,2023-10-12,GitHub.com,aeye-lab
pre-commit-ci[bot],2023-10-12,GitHub.com,aeye-lab
dkrako,2023-10-12,GitHub.com,aeye-lab
Shuwen27,2023-10-12,GitHub.com,aeye-lab
LenaJaeger,2023-10-12,GitHub.com,aeye-lab
dkrako,2023-10-12,GitHub.com,aeye-lab
SiQube,2023-10-12,GitHub.com,aeye-lab
pre-commit-ci[bot],2023-10-12,GitHub.com,aeye-lab
jakobchwastek,2023-10-12,GitHub.com,aeye-lab
prassepaul,2023-10-12,GitHub.com,aeye-lab
theDebbister,2023-10-12,GitHub.com,aeye-lab
siqube-adobe,2023-10-12,GitHub.com,aeye-lab
dependabot[bot],2023-10-12,GitHub.com,aeye-lab
ketrab2003,2023-10-12,GitHub.com,aeye-lab
hallerp,2023-10-12,GitHub.com,aeye-lab
Shuwen27,2023-10-12,GitHub.com,aeye-lab
assuntasuess,2023-10-12,GitHub.com,aeye-lab
dkrako,2023-10-12,GitHub.com,aeye-lab
Shuwen27,2023-10-12,GitHub.com,aeye-lab
dkrako,2023-10-12,GitHub.com,aeye-lab
Shuwen27,2023-10-12,GitHub.com,aeye-lab
pamfuhrmeister,2023-10-12,GitHub.com,cslm-lab
pamfuhrmeister,2023-10-12,GitHub.com,cslm-lab
pamfuhrmeister,2023-10-12,GitHub.com,cslm-lab
pamfuhrmeister,2023-10-12,GitHub.com,cslm-lab
hweichelt,2023-10-12,GitHub.com,krr-up
susuhahnml,2023-10-12,GitHub.com,krr-up
EtienneTignon,2023-10-12,GitHub.com,krr-up
susuhahnml,2023-10-12,GitHub.com,krr-up
namcsi,2023-10-12,GitHub.com,krr-up
namcsi,2023-10-12,GitHub.com,krr-up
susuhahnml,2023-10-12,GitHub.com,krr-up
tortinator,2023-10-12,GitHub.com,krr-up
susuhahnml,2023-10-12,GitHub.com,krr-up
rkaminsk,2023-10-12,GitHub.com,krr-up
wanko,2023-10-12,GitHub.com,krr-up
susuhahnml,2023-10-12,GitHub.com,krr-up
rkaminsk,2023-10-12,GitHub.com,krr-up
tortinator,2023-10-12,GitHub.com,krr-up
J-Behrens,2023-10-12,GitHub.com,krr-up
EtienneTignon,2023-10-12,GitHub.com,krr-up
tortinator,2023-10-12,GitHub.com,krr-up
susuhahnml,2023-10-12,GitHub.com,krr-up
daveraja,2023-10-12,GitHub.com,krr-up
Cedricmartens,2023-10-12,GitHub.com,krr-up
rkaminsk,2023-10-12,GitHub.com,krr-up
susuhahnml,2023-10-12,GitHub.com,krr-up
namcsi,2023-10-12,GitHub.com,krr-up
tortinator,2023-10-12,GitHub.com,krr-up
mgebser,2023-10-12,GitHub.com,krr-up
wanko,2023-10-12,GitHub.com,krr-up
EtienneTignon,2023-10-12,GitHub.com,krr-up
rkaminsk,2023-10-12,GitHub.com,krr-up
jorgefandinno,2023-10-12,GitHub.com,krr-up
namcsi,2023-10-12,GitHub.com,krr-up
kstrauch94,2023-10-12,GitHub.com,krr-up
pobermei,2023-10-12,GitHub.com,krr-up
pluehne,2023-10-12,GitHub.com,krr-up
susuhahnml,2023-10-12,GitHub.com,krr-up
javier-romero,2023-10-12,GitHub.com,krr-up
seem-ish,2023-10-12,GitHub.com,krr-up
nrueh,2023-10-12,GitHub.com,krr-up
schellhorn,2023-10-12,GitHub.com,krr-up
teiesti,2023-10-12,GitHub.com,krr-up
henryotunuya,2023-10-12,GitHub.com,krr-up
tortinator,2023-10-12,GitHub.com,krr-up
rkaminsk,2023-10-12,GitHub.com,krr-up
jorgefandinno,2023-10-12,GitHub.com,krr-up
tortinator,2023-10-12,GitHub.com,krr-up
rkaminsk,2023-10-12,GitHub.com,krr-up
namcsi,2023-10-12,GitHub.com,krr-up
tortinator,2023-10-12,GitHub.com,krr-up
rkaminsk,2023-10-12,GitHub.com,krr-up
sthiele,2023-10-12,GitHub.com,krr-up
lu-hub77,2023-10-12,GitHub.com,krr-up
wanko,2023-10-12,GitHub.com,krr-up
msquare,2023-10-12,GitHub.com,fsr-de
MyIgel,2023-10-12,GitHub.com,fsr-de
weeman1337,2023-10-12,GitHub.com,fsr-de
gnomus,2023-10-12,GitHub.com,fsr-de
jplitza,2023-10-12,GitHub.com,fsr-de
ximex,2023-10-12,GitHub.com,fsr-de
xuwhite,2023-10-12,GitHub.com,fsr-de
marudor,2023-10-12,GitHub.com,fsr-de
dependabot[bot],2023-10-12,GitHub.com,fsr-de
MichiK,2023-10-12,GitHub.com,fsr-de
derf,2023-10-12,GitHub.com,fsr-de
frischler,2023-10-12,GitHub.com,fsr-de
lukasrad02,2023-10-12,GitHub.com,fsr-de
jwacalex,2023-10-12,GitHub.com,fsr-de
mortzu,2023-10-12,GitHub.com,fsr-de
shithead,2023-10-12,GitHub.com,fsr-de
dasJ,2023-10-12,GitHub.com,fsr-de
wattnpapa,2023-10-12,GitHub.com,fsr-de
lujoga,2023-10-12,GitHub.com,fsr-de
Nos-,2023-10-12,GitHub.com,fsr-de
robofish,2023-10-12,GitHub.com,fsr-de
noc0lour,2023-10-12,GitHub.com,fsr-de
raboof,2023-10-12,GitHub.com,fsr-de
christian-heusel,2023-10-12,GitHub.com,fsr-de
anykraus,2023-10-12,GitHub.com,fsr-de
leaneb,2023-10-12,GitHub.com,fsr-de
allentje,2023-10-12,GitHub.com,fsr-de
matschundbrei,2023-10-12,GitHub.com,fsr-de
jbeyerstedt,2023-10-12,GitHub.com,fsr-de
jlauinger,2023-10-12,GitHub.com,fsr-de
frcroth,2023-10-12,GitHub.com,fsr-de
dependabot[bot],2023-10-12,GitHub.com,fsr-de
SilvanVerhoeven,2023-10-12,GitHub.com,fsr-de
jeriox,2023-10-12,GitHub.com,fsr-de
Paula-Kli,2023-10-12,GitHub.com,fsr-de
DrEGZo,2023-10-12,GitHub.com,fsr-de
ksturtzkopf,2023-10-12,GitHub.com,fsr-de
T4rikA,2023-10-12,GitHub.com,fsr-de
lukasrad02,2023-10-12,GitHub.com,fsr-de
lukasrad02,2023-10-12,GitHub.com,fsr-de
jeriox,2023-10-12,GitHub.com,fsr-de
fsr-admin,2023-10-12,GitHub.com,fsr-de
frcroth,2023-10-12,GitHub.com,fsr-de
phSch08,2023-10-12,GitHub.com,fsr-de
janno42,2023-10-12,GitHub.com,fsr-de
domoritz,2023-10-12,GitHub.com,fsr-de
Nef10,2023-10-12,GitHub.com,fsr-de
karyon,2023-10-12,GitHub.com,fsr-de
felixrindt,2023-10-12,GitHub.com,fsr-de
tzwenn,2023-10-12,GitHub.com,fsr-de
BenBals,2023-10-12,GitHub.com,fsr-de
Mupico,2023-10-12,GitHub.com,fsr-de
MarcelGarus,2023-10-12,GitHub.com,fsr-de
MerlindlH,2023-10-12,GitHub.com,fsr-de
SilvanVerhoeven,2023-10-12,GitHub.com,fsr-de
frcroth,2023-10-12,GitHub.com,fsr-de
phSch08,2023-10-12,GitHub.com,fsr-de
RobinSchaefer,2023-10-12,GitHub.com,discourse-lab
TScheffler,2023-10-12,GitHub.com,discourse-lab
arne-cl,2023-10-12,GitHub.com,discourse-lab
peldszus,2023-10-12,GitHub.com,discourse-lab
PeterBourgonje,2023-10-12,GitHub.com,discourse-lab
arne-cl,2023-10-12,GitHub.com,discourse-lab
jonathansonntag,2023-10-12,GitHub.com,discourse-lab
WladimirSidorenko,2023-10-12,GitHub.com,discourse-lab
peldszus,2023-10-12,GitHub.com,discourse-lab
WladimirSidorenko,2023-10-12,GitHub.com,discourse-lab
PeterBourgonje,2023-10-12,GitHub.com,discourse-lab
PeterBourgonje,2023-10-12,GitHub.com,discourse-lab
jonathansonntag,2023-10-12,GitHub.com,discourse-lab
peldszus,2023-10-12,GitHub.com,discourse-lab
FelixDombek,2023-10-12,GitHub.com,discourse-lab
PeterBourgonje,2023-10-12,GitHub.com,discourse-lab
PeterBourgonje,2023-10-12,GitHub.com,discourse-lab
PeterBourgonje,2023-10-12,GitHub.com,discourse-lab
PeterBourgonje,2023-10-12,GitHub.com,discourse-lab
erolcan-er,2023-10-12,GitHub.com,discourse-lab
PeterBourgonje,2023-10-12,GitHub.com,discourse-lab
PeterBourgonje,2023-10-12,GitHub.com,discourse-lab
